{"Mods":[{"Author":"Goonsack & Cahoot","Name":"Ultimate NPC Stat Overhaul","Folder":"Ultimate_NPC_Stat_Overhaul","Version":"72761281479704576","Description":"Overhaul every aspect of NPCs for quality, consistency, and immersion.","UUID":"61e8471b-4eda-4493-829d-e3c29ecc36c3","Created":"2025-12-05T09:51:57.0300646+11:00","Dependencies":[],"Group":"6d755f48-7bec-420a-ab8d-8c26ac3219fa"},{"Author":"Goonsack & Cahoot","Name":"Ultimate NPC Stat Overhaul - CX Icon Activation","Folder":"Ultimate_NPC_Stat_Overhaul_CX_Icon_Activation","Version":"72761281479704576","Description":"Making the Combat Extender passive visible again for those who want it.","UUID":"de67d646-414c-4a30-a376-f067802012cd","Created":"2025-12-05T09:51:57.0300646+11:00","Dependencies":[],"Group":"29353d5f-35ea-4209-8bdb-4125c48374f8"},{"Author":"Goonsack & Cahoot","Name":"Ultimate NPC Stat Overhaul - Extras","Folder":"Ultimate_NPC_Stat_Overhaul_Extras","Version":"72761281479704576","Description":"Overhaul every aspect of NPCs for quality, consistency, and immersion.","UUID":"445cacd6-70b2-43ca-8f09-1836da616e8a","Created":"2025-12-05T09:51:57.0300646+11:00","Dependencies":[],"Group":"22d47c91-ff86-433b-996c-b694a5d5e63e"}],"MD5":"8b21b77c9a2f4be0f1a837750273c6be"}